"Gene","Spatial_FoldChange","Spatial_Pvalue"
"C5AR1",2.63618390339937,1.78563362562834e-06
"LILRB2",1.9232215297114,0.00139957439671456
"CSF1R",1.27683236900186,0.122952651694367
"PILRA",1.27371788632308,0.133868878396219
"C3AR1",0.924976813484036,0.542465116297629
"SIGLEC1",1.25952763820531,0.628003373962937
"CD300E",0.900239856764271,0.6668034886384
"CLEC7A",1.03404493489566,0.769480533270359
"TLR4",0.995729834158291,0.844705730986817
"P2RX7",0.832121812690566,0.979000454651809
